"list1_link","list1_Title_name","list1_Title_url","list1_Title_selection1","list1_Title_selection1_url","list1_Title_Responsibilities","list1_Title_Salary","list1_Title_Qualifications","list1_Title_Qualifications_2"
"https://www.indeed.com/jobs?q=Data+Scientist&l=New+York%2C+NY&start=10&pp=gQAPAAABhs5hYuUAAAAB-_0KGwAjAQABCbzT0uy5Y6AfdTALpE513UcMgey4KsfIPIbXRhmZr7YAAA","Data Scientist, Commercial","https://www.indeed.com/rc/clk?jk=ff1be6662e4d020b&fccid=086cb533b5438773&vjs=3","Komodo Health","https://www.indeed.com/cmp/Komodo-Health","Keenly analytical mindset and the ability to solve complex problems with limited supervision
Experience writing SQL queries, working with Relational Databases and proficient in scripting with Python
Ability to work well both independently and collaboratively, in a fast-paced and demanding agile environment
Interest in growing their skills as a Data Scientist and being willing to learn and teach as part of a team
Strong business acumen demonstrated by a good understanding of how analytics insights tie into business goals
High motivation, work ethic, and self-discipline to organize and complete tasks
Nice-to-have: industry knowledge on healthcare claims data, A/B testing, HEOR/RWE, actuarial modeling","","",""
"https://www.indeed.com/jobs?q=Data+Scientist&l=New+York%2C+NY&start=10&pp=gQAPAAABhs5hYuUAAAAB-_0KGwAjAQABCbzT0uy5Y6AfdTALpE513UcMgey4KsfIPIbXRhmZr7YAAA","Data Scientist - Pricing","https://www.indeed.com/rc/clk?jk=2cdfa60905c083f2&fccid=e913915636b932d1&vjs=3","Imperial Dade","https://www.indeed.com/cmp/Imperial-Dade","Advanced user of: R, Power BI, Python, SQL, MS Office
Consistent ‘A’ performer
Goal driven, ability to multi-task in a fast-paced environment
Data driven and attention to detail and able to translate data models into clear recommendations
Good communicator and influencer
Self-Motivated - sets and achieves challenging goals; Demonstrates persistence and overcomes obstacles.
Ability to work independently with a high sense of responsibility
Ability to adapt and learn quickly","","",""
"https://www.indeed.com/jobs?q=Data+Scientist&l=New+York%2C+NY&start=10&pp=gQAPAAABhs5hYuUAAAAB-_0KGwAjAQABCbzT0uy5Y6AfdTALpE513UcMgey4KsfIPIbXRhmZr7YAAA","Data Scientist","https://www.indeed.com/rc/clk?jk=ce0ce4c8a6ebc1db&fccid=3000d8714153cbbe&vjs=3","Olo","https://www.indeed.com/cmp/Olo","Bachelor’s Degree in any quantitative discipline, such as Statistics, Mathematics, or Operational Research
4+ years of work experience as a data scientist using advanced statistical methods
Proficiency in writing advanced SQLs and a good understanding of RDBMS
Proficiency in Python programming
Working experience using at least one BI/data visualization tool (e.g., Looker, Tableau, etc.)
Demonstrable product sense and business acumen
Passion for analyzing data to find meaningful insights and speaking to them
Top-notch communication and the ability to educate a range of stakeholders, from individual contributors to senior management and executives","$115,000 - $140,000 a year","",""
"https://www.indeed.com/jobs?q=Data+Scientist&l=New+York%2C+NY&start=10&pp=gQAPAAABhs5hYuUAAAAB-_0KGwAjAQABCbzT0uy5Y6AfdTALpE513UcMgey4KsfIPIbXRhmZr7YAAA","Data Scientist","https://www.indeed.com/rc/clk?jk=50037d67ffb94f23&fccid=667ba717ce627077&vjs=3","Research Foundation of The City University of New...","https://www.indeed.com/cmp/Research-Foundation-Cuny","","$80,000 - $115,000 a year","",""
"https://www.indeed.com/jobs?q=Data+Scientist&l=New+York%2C+NY&start=10&pp=gQAPAAABhs5hYuUAAAAB-_0KGwAjAQABCbzT0uy5Y6AfdTALpE513UcMgey4KsfIPIbXRhmZr7YAAA","Data Scientist","https://www.indeed.com/rc/clk?jk=92aaa83df4ecc9d9&fccid=be3b11aa573faee7&vjs=3","CVS Health","https://www.indeed.com/cmp/CVS-Health","","","",""
"https://www.indeed.com/jobs?q=Data+Scientist&l=New+York%2C+NY&start=10&pp=gQAPAAABhs5hYuUAAAAB-_0KGwAjAQABCbzT0uy5Y6AfdTALpE513UcMgey4KsfIPIbXRhmZr7YAAA","Data Scientist","https://www.indeed.com/rc/clk?jk=78fbbf5409f818f8&fccid=ada833cd00ae27d8&vjs=3","FanDuel","https://www.indeed.com/cmp/Fanduel","Develop, iterate, and take to production machine learning models to predict sports outcomes and solve problems
Iterate and improve on betting product range to ensure market leading offering
Continuous improvement in pricing techniques - both at an individual level and working with trading teams to optimize predictive and derivative model pricing
Choose appropriate tools, systems and models to solve large data problems
Troubleshoot and resolve coding and modeling problems presented by others
Proactively seek opportunities or problems to be analyzed
Lead and contribute to multiple strategic projects
Contribute to group strategy, ensuring they reflect priorities for your team and stakeholders
Put together project plans for the Data Science team to follow
Presents to senior leaders confidently and with impact
Construct models, analyses and solutions in response to a question or problem posed by a stakeholder or colleague
Provide data-driven recommendations to stakeholders, articulating complex technical concepts as necessary
Manage the data preparation process from collection through cleaning
Engage with engineering to build scalable tools to accelerate the conversion of data to insight
Build robust predictive models, showing capabilities of feature and model selection
Work with decision-makers across the company to understand their goals, identify opportunities to use data to develop new insights and improve business results
Bring efficiency and automation in the data infrastructure
Create dashboards and data visualizations for analysis and communication
Opportunity to mentor and or coach more junior data scientists
Communicate process and conclusions seamlessly, tailored to the audience","$102,000 - $128,000 a year","Interest or experience in Sports Gaming and/or Fantasy Sports","An exciting and fun environment committed to driving real growth
Opportunities to build really cool products that fans love
Mentorship and professional development resources to help you refine your game
Flexible vacation allowance to let you refuel
Hall of Fame benefit programs and platforms"
"https://www.indeed.com/jobs?q=Data+Scientist&l=New+York%2C+NY&start=10&pp=gQAPAAABhs5hYuUAAAAB-_0KGwAjAQABCbzT0uy5Y6AfdTALpE513UcMgey4KsfIPIbXRhmZr7YAAA","Data Scientist","https://www.indeed.com/rc/clk?jk=460579501576ebd3&fccid=bd976cc171c690e0&vjs=3","Columbia University","https://www.indeed.com/cmp/Columbia-University","Cleans electrophysiological data and standardizes data from complex experimental protocols.
Develop dashboards and visualization methods.
Data mining, statistical analysis, and mathematical modelling.
Provides support for use of developed methods.
Remains up to date on the scientific literature of statistical methods and machine learning as applied to electrophysiology","$55,000 - $70,000 a year","Requires a bachelor's degree or equivalent in education and experience, plus two years of related experience","MSc degree in data science or equivalent qualification.
Development of analysis pipelines (Python preferred).
Experience with Bayesian Generalized Linear Models (NumPyro, RSTAN preferred).
Experience with developing visualization of electrophysiological data (e.g. tableu, matlab, matplotlib).
Experience with git and ability to work collaboratively on software.
Must be able to communicate verbally and in writing in a professional and succinct manner and be open to feedback and collaboration.
Adept at solving problems quickly, efficiently, and independently."
"https://www.indeed.com/jobs?q=Data+Scientist&l=New+York%2C+NY&start=10&pp=gQAPAAABhs5hYuUAAAAB-_0KGwAjAQABCbzT0uy5Y6AfdTALpE513UcMgey4KsfIPIbXRhmZr7YAAA","Junior Data Scientist","https://www.indeed.com/rc/clk?jk=478b4ebe87d6a396&fccid=1b2c00b70debd38f&vjs=3","","","Data science fundamentals (statistical analysis, data manipulation, modeling, visualization, transforming raw data into actionable business intelligence)
Proficiency automating data processing tasks (scripting, including Python, R, Excel/Access/VBA, macros, or SQL)
Database migration
Working knowledge of data governance and ability to document processes, data models, and systems
REDCap.","$61,000 - $85,000 a year","Vision insurance","8 hour shift"
"https://www.indeed.com/jobs?q=Data+Scientist&l=New+York%2C+NY&start=10&pp=gQAPAAABhs5hYuUAAAAB-_0KGwAjAQABCbzT0uy5Y6AfdTALpE513UcMgey4KsfIPIbXRhmZr7YAAA","Data Scientists","https://www.indeed.com/rc/clk?jk=018cd2f0dd215605&fccid=d124dbfd3785b597&vjs=3","T-Mobile","https://www.indeed.com/cmp/T--Mobile","Experience using database technologies including MSSQL, Teradata, Oracle, and Snowflake to develop and execute database queries and conduct analyses by acquiring data from an array data sources to provide ongoing reports and develop fact-based recommendations.
Experience in Data Engineering and workflow design tools including Alteryx to develop processes and scheduling to automate the processes and make data readily available for leaders and Google Analytics to understand customer behavior patterns on the web and identify drop out points in the web application process, provide recommendations and measure effectiveness of changes being made to further optimize customer experience on the web.
Experience using data visualization/ BI tools including Excel and PowerBI to conceptualize dashboards which present information using advanced data visualization techniques for strategy building and core business decision making.
Experience in Financial Analytics, Customer churn, and forecasting to report Revenue Metrics and provide forecast of expected payments to be included in the CLV model.
Experience in the Lifeline and Telecom industry to help influence go to market strategic roadmap initiatives including new markets, device upgrades based on historical data patterns, competitor, and consumer market research.
Experience in presenting analysis and strategies to stake holders and leadership to Collaborate with the Digital and Sales team to provide strong decision support and robust recommendations based on data-driven analysis and delivering data narratives.
Experience in cross functional team collaboration and communication to Lead planning and requirements for new initiatives from a reporting perspective.","$109,736 a year","This position is eligible for the employee referral program.","Visit www.tmobile.jobs.
Create a candidate profile, and apply to requisition number REQ215919."
"https://www.indeed.com/jobs?q=Data+Scientist&l=New+York%2C+NY&start=10&pp=gQAPAAABhs5hYuUAAAAB-_0KGwAjAQABCbzT0uy5Y6AfdTALpE513UcMgey4KsfIPIbXRhmZr7YAAA","Data Science Associate (Remote)","https://www.indeed.com/rc/clk?jk=baa9f2f660caba87&fccid=2c23f29fcd5c78da&vjs=3","","","","","",""
"https://www.indeed.com/jobs?q=Data+Scientist&l=New+York%2C+NY&start=10&pp=gQAPAAABhs5hYuUAAAAB-_0KGwAjAQABCbzT0uy5Y6AfdTALpE513UcMgey4KsfIPIbXRhmZr7YAAA","Data Scientist","https://www.indeed.com/rc/clk?jk=975506d0d8074b54&fccid=65ce85f45facac9b&vjs=3","Albert Einstein College of Medicine","https://www.indeed.com/cmp/Albert-Einstein-College-of-Medicine","Bachelor’s degree in Data Science, Computer Science, Applied Math, Statistics, or other quantitative discipline.
Master’s degree preferred.
Outstanding quantitative modeling and statistical analysis skills (minimum of 1 years industry experience). 3 years preferred.
Adept with Python.
Excellent verbal and written communication skills with the ability to effectively advocate technical solutions to research scientists, engineering teams and hospital stakeholders.","","Experience with containerization using Docker and Kubernetes",""
"https://www.indeed.com/jobs?q=Data+Scientist&l=New+York%2C+NY&start=10&pp=gQAPAAABhs5hYuUAAAAB-_0KGwAjAQABCbzT0uy5Y6AfdTALpE513UcMgey4KsfIPIbXRhmZr7YAAA","Data Scientist","https://www.indeed.com/rc/clk?jk=bb9b636df8bfce54&fccid=c0bc093869fdf263&vjs=3","Progyny","https://www.indeed.com/cmp/Progyny","You have 2-4 years of relevant work experience
You have a bachelor’s degree in Math, Statistics, Computer Science, or a related master’s degree
You have an analytical mindset and are comfortable analyzing large, complex datasets
Proficiency in SQL and Python/R required
Prior experience with data visualization packages (e.g. Matplotlib, GGPlot, Seaborn, etc.)
You can explain complex methodologies of your models to stakeholders
You are organized and methodical with strong attention to detail
You are driven to deliver results with the ability to establish rapport, earn trust, and effectively collaborate with others","","Flex days (3 days a week in the office) for positions located at NY office",""
"https://www.indeed.com/jobs?q=Data+Scientist&l=New+York%2C+NY&start=10&pp=gQAPAAABhs5hYuUAAAAB-_0KGwAjAQABCbzT0uy5Y6AfdTALpE513UcMgey4KsfIPIbXRhmZr7YAAA","Data Scientist Engineer in NYC","https://www.indeed.com/rc/clk?jk=60a18ecc3f8e344c&fccid=3397af2151539245&vjs=3","","","Your “plusses”
You are inquisitive & production and result oriented
You have a good aptitude for synthesizing information
You are keen to develop in an environment that handles large volumes of data
You have a professional-level knowledge of French.","","",""
"https://www.indeed.com/jobs?q=Data+Scientist&l=New+York%2C+NY&start=10&pp=gQAPAAABhs5hYuUAAAAB-_0KGwAjAQABCbzT0uy5Y6AfdTALpE513UcMgey4KsfIPIbXRhmZr7YAAA","Educator, Data Scientist","https://www.indeed.com/rc/clk?jk=efbee1423284aa9a&fccid=163ccc336a959b8b&vjs=3","","","3-5+ years experience as a Data Scientist or Analytics professional and a Bachelor's degree relevant to the subject matter OR 8+ years work experience in the vocation
Strong command of querying and programming languages (SQL, R and python - numpy, pandas, sklearn, TensorFlow & Keras), and visualization tools (Excel, Tableau, matplotlib/seaborn/plotly in python packages
Experience applying various methods of numerical and categorical modelling techniques and supervised and unsupervised machine learning methods (OLS regression and GLMs, logistic regression, KNN, SVM, decision trees/random forest, clustering and cluster analysis, dimensionality reduction, neural networks)
Hands-on development experience working with version control systems (we use Git) and Big Data and Cloud platforms (Hadoop, Spark, Amazon Web Services (AWS), Google Cloud (GCP)) a strong asset regression and machine learning principles
Practical experience designing and applying data science processes to conduct experiments using a variety of tools and methods, and can speak to their complexities in a simple and logical manner
Experience building and leading technical teams
Experience in a teaching role, and are comfortable speaking to large groups and mentoring others on the job
A strong work ethic with the utmost integrity and desire to excel and succeed
An empathetic, inclusive, enthusiastic personality, and is someone who enjoys helping others and facilitating learning
A passion for teaching and mentoring others and creating positive learning experiences","","Work from Home Flexibility",""
"https://www.indeed.com/jobs?q=Data+Scientist&l=New+York%2C+NY&start=10&pp=gQAPAAABhs5hYuUAAAAB-_0KGwAjAQABCbzT0uy5Y6AfdTALpE513UcMgey4KsfIPIbXRhmZr7YAAA","Data Scientist","https://www.indeed.com/rc/clk?jk=c0df21ca95c269ca&fccid=16e0f9023d93faa8&vjs=3","","","","","",""
"https://www.indeed.com/jobs?q=Data+Scientist&l=New+York%2C+NY&start=10&pp=gQAPAAABhs5hYuUAAAAB-_0KGwAjAQABCbzT0uy5Y6AfdTALpE513UcMgey4KsfIPIbXRhmZr7YAAA&vjk=460579501576ebd3","Junior Data Scientist","https://www.indeed.com/rc/clk?jk=478b4ebe87d6a396&fccid=1b2c00b70debd38f&vjs=3","","","","","",""
"https://www.indeed.com/jobs?q=Data+Scientist&l=New+York%2C+NY&start=10&pp=gQAPAAABhs5hYuUAAAAB-_0KGwAjAQABCbzT0uy5Y6AfdTALpE513UcMgey4KsfIPIbXRhmZr7YAAA&vjk=460579501576ebd3","Data Science Associate (Remote)","https://www.indeed.com/rc/clk?jk=baa9f2f660caba87&fccid=2c23f29fcd5c78da&vjs=3","","","","","",""
"https://www.indeed.com/jobs?q=Data+Scientist&l=New+York%2C+NY&start=10&pp=gQAPAAABhs5hYuUAAAAB-_0KGwAjAQABCbzT0uy5Y6AfdTALpE513UcMgey4KsfIPIbXRhmZr7YAAA&vjk=460579501576ebd3","Associate Educator, Data Scientist","https://www.indeed.com/rc/clk?jk=750dbf040bc86087&fccid=163ccc336a959b8b&vjs=3","","","2+ years experience as a Data Scientist or Analytics professional and a Bachelor's degree relevant to the subject matter
Strong command of querying and programming languages SQL, R and python - numpy, pandas, sklearn, TensorFlow & Keras), and visualization tools (Excel, Tableau, matplotlib/seaborn/plotly in python packages
Experience applying various methods of numerical and categorical modelling techniques and supervised and unsupervised machine learning methods (OLS regression and GLMs, logistic regression, KNN, SVM, decision trees/random forest, clustering and cluster analysis, dimensionality reduction, neural networks)
Hands-on development experience working with version control systems (we use Git)
Practical experience designing and applying data science processes to conduct experiments using a variety of tools and methods, and can speak to their complexities in a simple and logical manner
Experience in a teaching or mentoring role, and are comfortable speaking to large groups
Strong written and verbal communication skills
A proven ability to work under pressure and meet deadlines
An empathetic, friendly, and approachable demeanor
A passion for education and creating positive learning experiences for others
A passion for education and creating a positive learning experiences for others","","Work from Home Flexibility",""
"https://www.indeed.com/jobs?q=Data+Scientist&l=New+York%2C+NY&start=10&pp=gQAPAAABhs5hYuUAAAAB-_0KGwAjAQABCbzT0uy5Y6AfdTALpE513UcMgey4KsfIPIbXRhmZr7YAAA&vjk=460579501576ebd3","Data Scientist, Commercial","https://www.indeed.com/rc/clk?jk=ff1be6662e4d020b&fccid=086cb533b5438773&vjs=3","Komodo Health","https://www.indeed.com/cmp/Komodo-Health","","","",""
"https://www.indeed.com/jobs?q=Data+Scientist&l=New+York%2C+NY&start=10&pp=gQAPAAABhs5hYuUAAAAB-_0KGwAjAQABCbzT0uy5Y6AfdTALpE513UcMgey4KsfIPIbXRhmZr7YAAA&vjk=460579501576ebd3","Data Scientist","https://www.indeed.com/rc/clk?jk=460579501576ebd3&fccid=bd976cc171c690e0&vjs=3","Columbia University","https://www.indeed.com/cmp/Columbia-University","","","",""
"https://www.indeed.com/jobs?q=Data+Scientist&l=New+York%2C+NY&start=10&pp=gQAPAAABhs5hYuUAAAAB-_0KGwAjAQABCbzT0uy5Y6AfdTALpE513UcMgey4KsfIPIbXRhmZr7YAAA&vjk=460579501576ebd3","Data Scientist","https://www.indeed.com/rc/clk?jk=78fbbf5409f818f8&fccid=ada833cd00ae27d8&vjs=3","FanDuel","https://www.indeed.com/cmp/Fanduel","","","",""
"https://www.indeed.com/jobs?q=Data+Scientist&l=New+York%2C+NY&start=10&pp=gQAPAAABhs5hYuUAAAAB-_0KGwAjAQABCbzT0uy5Y6AfdTALpE513UcMgey4KsfIPIbXRhmZr7YAAA&vjk=460579501576ebd3","Data Scientist Engineer in NYC","https://www.indeed.com/rc/clk?jk=60a18ecc3f8e344c&fccid=3397af2151539245&vjs=3","","","","","",""
"https://www.indeed.com/jobs?q=Data+Scientist&l=New+York%2C+NY&start=10&pp=gQAPAAABhs5hYuUAAAAB-_0KGwAjAQABCbzT0uy5Y6AfdTALpE513UcMgey4KsfIPIbXRhmZr7YAAA&vjk=460579501576ebd3","Data Scientist","https://www.indeed.com/rc/clk?jk=bb9b636df8bfce54&fccid=c0bc093869fdf263&vjs=3","Progyny","https://www.indeed.com/cmp/Progyny","","","",""
"https://www.indeed.com/jobs?q=Data+Scientist&l=New+York%2C+NY&start=10&pp=gQAPAAABhs5hYuUAAAAB-_0KGwAjAQABCbzT0uy5Y6AfdTALpE513UcMgey4KsfIPIbXRhmZr7YAAA&vjk=460579501576ebd3","Data Scientist","https://www.indeed.com/rc/clk?jk=92aaa83df4ecc9d9&fccid=be3b11aa573faee7&vjs=3","CVS Health","https://www.indeed.com/cmp/CVS-Health","","","",""
"https://www.indeed.com/jobs?q=Data+Scientist&l=New+York%2C+NY&start=10&pp=gQAPAAABhs5hYuUAAAAB-_0KGwAjAQABCbzT0uy5Y6AfdTALpE513UcMgey4KsfIPIbXRhmZr7YAAA&vjk=460579501576ebd3","Data Scientist","https://www.indeed.com/rc/clk?jk=ce0ce4c8a6ebc1db&fccid=3000d8714153cbbe&vjs=3","Olo","https://www.indeed.com/cmp/Olo","","","",""
"https://www.indeed.com/jobs?q=Data+Scientist&l=New+York%2C+NY&start=10&pp=gQAPAAABhs5hYuUAAAAB-_0KGwAjAQABCbzT0uy5Y6AfdTALpE513UcMgey4KsfIPIbXRhmZr7YAAA&vjk=460579501576ebd3","Data Scientist, Product Analytics","https://www.indeed.com/rc/clk?jk=aef6baf067107234&fccid=8899ecbdba2d0a5e&vjs=3","Peloton","https://www.indeed.com/cmp/Peloton","Have 3+ years of work experience in data-driven analytics/predictive analytics/statistical modeling. Product analytics experience with a B2C or e-commerce business is a plus
Have 2+ years of experience with A/B testing and Experimentation
Experience with manipulating large datasets using SQL (including complex joins, CTE, query optimization) and with statistical programming software such as Python or R, in combination with visualization packages for Exploratory Data Analyses and to communicate results of analyses.
Have strong experience in statistics and data science methodologies (e.g. data modeling, hypothesis testing, regressions, machine learning) along with Causal Inference methodologies like propensity score matching, etc
Have hands-on experience with various elements of the product analysis pipeline, such as:
Formulating and testing hypotheses
Identifying and communicating data requirements for analytics projects
Extracting and cleaning up large data sets
Analyzing data using a variety of tools
Synthesizing and presenting results to stakeholders of various seniority levels and professional backgrounds
Have the ability to work collaboratively in a team environment
Excellent verbal and written communication, attention to detail, and presentation skills to be able to efficiently communicate complicated analyses to non-technical team members!","","Experience in and/or passion for health and fitness, sports, gaming, or other related fields",""
"https://www.indeed.com/jobs?q=Data+Scientist&l=New+York%2C+NY&start=10&pp=gQAPAAABhs5hYuUAAAAB-_0KGwAjAQABCbzT0uy5Y6AfdTALpE513UcMgey4KsfIPIbXRhmZr7YAAA&vjk=460579501576ebd3","Data Scientist","https://www.indeed.com/rc/clk?jk=ed40ee9fe22f27cf&fccid=2def7d54e58df8ff&vjs=3","Success Academy","https://www.indeed.com/cmp/Success-Academy-Charter-Schools","Advanced degree in relevant quantitative field such as statistics or data science
3+ years of analytical work experience modeling, interpreting, and visualizing data (e.g. data analyst, data science, data engineer)
Fundamental knowledge of data structures, algorithms, inferential statistics, and hypothesis-driven experimentation
Understanding of statistical languages such as Python and R, and skill at writing and interpreting SQL queries
Ability to build dashboards in prominent data visualization tools like Tableau and Looker
Highly functional knowledge of CRM software such as Salesforce or Zoho
Existing knowledge of or ability to quickly learn enterprise survey tools like Qualtrics","$100,000 - $130,000 a year","Ability to develop scripts to enable Natural Language Processing (NLP) solutions to support consumer analysis","Proven capacity to apply business strategy to data analysis, translating data and research into strategic insights and recommendations
A demonstrated ability to design and lead research projects that produce actionable analysis
Skilled at synthesizing complex data and information into clear implications
Strong presentation and data visualization skills to communicate data analysis in compelling ways to both technical and non-technical audiences"
"https://www.indeed.com/jobs?q=Data+Scientist&l=New+York%2C+NY&start=10&pp=gQAPAAABhs5hYuUAAAAB-_0KGwAjAQABCbzT0uy5Y6AfdTALpE513UcMgey4KsfIPIbXRhmZr7YAAA&vjk=460579501576ebd3","Junior Researcher, Data Science","https://www.indeed.com/rc/clk?jk=5c0327202e88dc5e&fccid=44b8ed526a397a28&vjs=3","","","Experience with Python programming, debugging/profiling, and version control.
Comfortable working in computer cluster environments, with an understanding of related computer systems concepts (CPU/GPU interactions/transfers, latency/throughput bottlenecks during training of neural networks, CUDA, pipelining/multiprocessing, etc.)
Understanding of the fundamentals of deep learning (layer details, back-propagation, etc.)
Experience with a major deep learning framework (PyTorch, TensorFlow, MXNet, etc.)
Experience with data science tools (Python scripting, numpy, scipy, matplotlib, scikit-learn, jupyter notebooks, bash scripting, Linux environment.)","","",""
"https://www.indeed.com/jobs?q=Data+Scientist&l=New+York%2C+NY&start=10&pp=gQAPAAABhs5hYuUAAAAB-_0KGwAjAQABCbzT0uy5Y6AfdTALpE513UcMgey4KsfIPIbXRhmZr7YAAA&vjk=460579501576ebd3","Data Scientist","https://www.indeed.com/company/JONATHAN-Y/jobs/Data-Scientist-845c0db487725376?fccid=00ad0460f718c64e&vjs=3","","","Monday to Friday","From $60,000 a year","New York, NY: Reliably commute or planning to relocate before starting work (Required)","Python: 1 year (Preferred)
SQL: 1 year (Preferred)
statistical modeling: 1 year (Preferred)
Logistics: 1 year (Preferred)
Forecasting inventory: 1 year (Preferred)
Data modeling: 1 year (Preferred)
Demand planning: 2 years (Required)"
"https://www.indeed.com/jobs?q=Data+Scientist&l=New+York%2C+NY&start=10&pp=gQAPAAABhs5hYuUAAAAB-_0KGwAjAQABCbzT0uy5Y6AfdTALpE513UcMgey4KsfIPIbXRhmZr7YAAA&vjk=460579501576ebd3","Quantitative Analytics & Data Science Specialist","https://www.indeed.com/rc/clk?jk=ceaa83946a77e4d5&fccid=1c76c3a36f6c7557&vjs=3","UBS","https://www.indeed.com/cmp/UBS","effective writing and oral presentation skills","$80,000 - $100,000 a year","partner with cross functional teams in driving, influencing, and aligning the roadmap to meet business",""
"https://www.indeed.com/jobs?q=Data+Scientist&l=New+York%2C+NY&start=20&pp=gQAeAAABhs5hYuUAAAAB-_0KGwA3AQEJCQCWAZnf6zZ-mCWhBqkY-rSFTA8x7D1pZ_R4fqdYEIJKzMXWkoXDxdO1ohL-Hqlnfh_rpQAA","Cybersecurity Analyst Levels 1-7, Data Scientist","https://www.indeed.com/pagead/clk?mo=r&ad=-6NYlbfkN0CQjGBvBzxy8B4utFrgaY1ny7GkPzahpSOLjyaRgOrRoeNLSQ3Yh1Y9EYo3noXyziNZe5DqG_12KTVB4ulGBEypTnrGz1i8CzY3Exesekd7i9huPSoYVEbLXudV0TNAssSULHEe15lmzICkVrdwS-m3nf2ucsgnCofDk_eDFGkEurnlyYkQ-iuggEvyD5VikH2qZrIJ9dIM8wqXKfgJQqvSphQjPO8CvZuKPLLN6e1ADCbMia41ld6pdLrvLw0ho_SrpgUJYmm2pFKQpvNObbnk8EIv5LOo7rPfBvarAsAlE9mEPoDHF2e0_8pumipba2dtFFveb71pl-4gzL7N0Zl2Q8_lsu5qP6qDmjOX2K_YF-qyP3FQYFfI-2UEu8rv4sPSlJYyLerdGBCb6XSJqoYILc5l18YHzHqPaByt_Xrq8b5QqJuuLN_7F_bbxLUgJdlvb66xjmeyk0VRI13iNu2z-zrZrvzAns6IWMIpkVi-zUcINVfTp6B_-5FCfhkAMT5QkoQqCaQD7nR1ULzoEfOCS_LZQIgkE9YQW2RSdnNNzj9OveCCjDwVJmPRcOVEOo1Dqk1scmjVLtuJGuwabxUr8pT_rt77kBU3v8jincWzcn-L8T2nGsExua-80wsF-HWOHgYPkaV3ocCc5X8w5eGeHuREojAzmtbd3wAuytL23HdZkBj_nZyxe4UG945rsMU4KmaDFNkQ9Q==&xkcb=SoCN-_M3SnghXrwi2h0LbzkdCdPP&p=0&fvj=0&vjs=3","Metropolitan Transportation Authority","https://www.indeed.com/cmp/Metropolitan-Transportation-Authority-7","Associate degree in Computer Science or related fields. An equivalent combination of education and experience may be considered in lieu of a degree and 2+ years of relevant experience, or a bachelor’s degree in Computer Science or related fields.
Basic knowledge and familiarity with installing, maintaining and troubleshooting technology systems.
Proven ability to troubleshoot and support technical issues.
Proven ability to analyze a security risk assessment
Understanding of Operating Systems
Understanding of TCP/IP (OSI Layers 1– 4) and Internet and Intranet technologies required (OSI Layers 5-7) required.
Scripting or programming skills (PERL, Python, PowerShell, etc.) preferred as needed.
6 months of experience in a specific (Cloud, Applications, Infrastructure, Security Technology, etc.) cybersecurity domain is preferred","","1 year of experience in a specific (Cloud, Applications, Infrastructure, Security Technology, etc.) cybersecurity subdomain is preferred","Bachelor’s Degree in Computer Science or related fields. An equivalent combination of education and experience may be considered in lieu of a degree.
3+ years of relevant experience or 18 months of experience in a specific cybersecurity subdomain (Cloud, Applications, Infrastructure, Security Technology, etc.).
Current CISSP or other advanced security-related certification preferred but not required.
Certifications in technology subdomains preferred but not required (ie. Cloud, Applications, Infrastructure, Security Technology, etc.)
Proven ability to independently evaluate and resolve most problems within an area of infrastructure, applications within a security domain context.
Proven ability to analyze and/or conduct a security risk assessment
Understanding of Operating Systems and Hardware
Advanced understanding of TCP/IP (OSI Layers 1– 4) and Internet and Intranet technologies required (OSI Layers 5-7) required.
Scripting or programming skills (PERL, Python, PowerShell, etc.)."
"https://www.indeed.com/jobs?q=Data+Scientist&l=New+York%2C+NY&start=20&pp=gQAeAAABhs5hYuUAAAAB-_0KGwA3AQEJCQCWAZnf6zZ-mCWhBqkY-rSFTA8x7D1pZ_R4fqdYEIJKzMXWkoXDxdO1ohL-Hqlnfh_rpQAA","Data Scientist, Product Analytics","https://www.indeed.com/rc/clk?jk=eabf40c176156026&fccid=8899ecbdba2d0a5e&vjs=3","Peloton","https://www.indeed.com/cmp/Peloton","BA/BS degree, preferably in a technical field
Have 3+ years of overall experience in an analytics capacity with a focus on problem-solving and providing concrete insights; some experience conducting analysis with a product/UX focus is desirable (an advanced degree may contribute to years of experience)
Have solid technical skills when it comes to data wrangling and handling large datasets: can use SQL for data extraction (including sophisticated joins, CTE, and query optimization), and have a solid understanding of Python syntax required for data cleaning and exploratory analysis (e.g. pandas, numpy)
Have experience with A/B testing and have demonstrated experience designing and assessing experiments
Have an understanding of statistics and data science methodologies (e.g. hypothesis testing, regressions, and other machine learning techniques such as clustering)
Have proven experience defining and owning project success metrics
Have a passion for data storytelling via decks and dashboards and a proven ability to efficiently relay your insights to non-technical audiences and senior leadership
Comfortable handling your project timelines, prioritizing tasks with user and business impact in mind, assessing speed/precision tradeoffs, and proactively communicating project statuses to collaborators and teammates
Work well collaboratively, both in a cross-functional context - with Product Managers, Project Managers, User Researchers, Designers, and Engineers - and as a part of joint research projects with Product Analytics teammates
Are curious, ask good questions, are always excited to learn new methods, approaches, and perspectives, and are eager to investigate exciting trends in the data","","Understanding of adjacent quantitative and qualitative research methods and techniques (e.g. usability testing, concept testing, market sizing, etc.)",""
"https://www.indeed.com/jobs?q=Data+Scientist&l=New+York%2C+NY&start=20&pp=gQAeAAABhs5hYuUAAAAB-_0KGwA3AQEJCQCWAZnf6zZ-mCWhBqkY-rSFTA8x7D1pZ_R4fqdYEIJKzMXWkoXDxdO1ohL-Hqlnfh_rpQAA","Data Scientist","https://www.indeed.com/rc/clk?jk=bb9b636df8bfce54&fccid=c0bc093869fdf263&vjs=3","Progyny","https://www.indeed.com/cmp/Progyny","","","",""
"https://www.indeed.com/jobs?q=Data+Scientist&l=New+York%2C+NY&start=20&pp=gQAeAAABhs5hYuUAAAAB-_0KGwA3AQEJCQCWAZnf6zZ-mCWhBqkY-rSFTA8x7D1pZ_R4fqdYEIJKzMXWkoXDxdO1ohL-Hqlnfh_rpQAA","Quantitative Analytics & Data Science Specialist","https://www.indeed.com/rc/clk?jk=ceaa83946a77e4d5&fccid=1c76c3a36f6c7557&vjs=3","UBS","https://www.indeed.com/cmp/UBS","","","",""
"https://www.indeed.com/jobs?q=Data+Scientist&l=New+York%2C+NY&start=20&pp=gQAeAAABhs5hYuUAAAAB-_0KGwA3AQEJCQCWAZnf6zZ-mCWhBqkY-rSFTA8x7D1pZ_R4fqdYEIJKzMXWkoXDxdO1ohL-Hqlnfh_rpQAA","Educator, Data Scientist","https://www.indeed.com/rc/clk?jk=efbee1423284aa9a&fccid=163ccc336a959b8b&vjs=3","","","","","",""
"https://www.indeed.com/jobs?q=Data+Scientist&l=New+York%2C+NY&start=20&pp=gQAeAAABhs5hYuUAAAAB-_0KGwA3AQEJCQCWAZnf6zZ-mCWhBqkY-rSFTA8x7D1pZ_R4fqdYEIJKzMXWkoXDxdO1ohL-Hqlnfh_rpQAA","Junior Researcher, Data Science","https://www.indeed.com/rc/clk?jk=5c0327202e88dc5e&fccid=44b8ed526a397a28&vjs=3","","","","","",""
"https://www.indeed.com/jobs?q=Data+Scientist&l=New+York%2C+NY&start=20&pp=gQAeAAABhs5hYuUAAAAB-_0KGwA3AQEJCQCWAZnf6zZ-mCWhBqkY-rSFTA8x7D1pZ_R4fqdYEIJKzMXWkoXDxdO1ohL-Hqlnfh_rpQAA","Data Scientist","https://www.indeed.com/rc/clk?jk=43efec63b97b9e14&fccid=1b70093c8dbeda5a&vjs=3","McKinney","https://www.indeed.com/cmp/Mckinney","Quantitative degree (computer science, math, applied math, statistics or similarly rigorous","","Experience with SQL","Experience in the advertising space
Understanding of marketing attribution approaches
Experience working with ad exchanges, DSPs and/or ad server"
"https://www.indeed.com/jobs?q=Data+Scientist&l=New+York%2C+NY&start=20&pp=gQAeAAABhs5hYuUAAAAB-_0KGwA3AQEJCQCWAZnf6zZ-mCWhBqkY-rSFTA8x7D1pZ_R4fqdYEIJKzMXWkoXDxdO1ohL-Hqlnfh_rpQAA","Data Scientist","https://www.indeed.com/rc/clk?jk=ed40ee9fe22f27cf&fccid=2def7d54e58df8ff&vjs=3","Success Academy","https://www.indeed.com/cmp/Success-Academy-Charter-Schools","","","",""
"https://www.indeed.com/jobs?q=Data+Scientist&l=New+York%2C+NY&start=20&pp=gQAeAAABhs5hYuUAAAAB-_0KGwA3AQEJCQCWAZnf6zZ-mCWhBqkY-rSFTA8x7D1pZ_R4fqdYEIJKzMXWkoXDxdO1ohL-Hqlnfh_rpQAA","Climate Data Scientist","https://www.indeed.com/rc/clk?jk=ad5eff59731c5c4b&fccid=dd616958bd9ddc12&vjs=3","","","A statement of interest including a description of relevant past projects or publications","$90,000 - $115,000 a year","",""
"https://www.indeed.com/jobs?q=Data+Scientist&l=New+York%2C+NY&start=20&pp=gQAeAAABhs5hYuUAAAAB-_0KGwA3AQEJCQCWAZnf6zZ-mCWhBqkY-rSFTA8x7D1pZ_R4fqdYEIJKzMXWkoXDxdO1ohL-Hqlnfh_rpQAA","Data Scientist","https://www.indeed.com/rc/clk?jk=6fd88dda36cff906&fccid=dd616958bd9ddc12&vjs=3","","","Advanced degree in Financial Engineering with focus on Data Science
2+ years of experience in data scientist or data analysis role
Experience in applying machine learning methods (distribution analysis, regression, classification, clustering, etc.)
Python/R, Matlab, Excel, Relational Database
Experience in Prime Brokerage, Securities Lending, Counterparty Risk a plus
C#, Tableau a plus","","",""
"https://www.indeed.com/jobs?q=Data+Scientist&l=New+York%2C+NY&start=20&pp=gQAeAAABhs5hYuUAAAAB-_0KGwA3AQEJCQCWAZnf6zZ-mCWhBqkY-rSFTA8x7D1pZ_R4fqdYEIJKzMXWkoXDxdO1ohL-Hqlnfh_rpQAA","Class of 2023: Bertelsmann Data Science Rotational Program (US-based)","https://www.indeed.com/rc/clk?jk=a02f980c9506209a&fccid=b7077240c866145c&vjs=3","Bertelsmann, Inc.","https://www.indeed.com/cmp/Bertelsmann","M.S. or Ph.D. in a quantitative field such as Data Science, Computer Science, Statistics, Engineering, applied Mathematics, Physics or related topics
Proven experience working with data science to develop innovative data products and capabilities in order to extract actionable insights
A desire to constantly train yourself and hone your data skills within a business context
Strong knowledge of machine learning methods
Advanced knowledge of standard methods across the entire data science pipeline
Solid programming skills in Python and R; additional programming languages such as SAS, Scala, Spark, C/C++ and/or Java are a plus
Knowledge of databases, database concepts, database design and related languages / tools such as SQL, NoSQL, Hive, etc.
Visual storytelling expertise is a plus
Experience with mining massive data sets (ex. with Hadoop) is a plus
Problem-solving mindset with strong relationship building, collaborative and communication skills
Geographic flexibility; travel and relocation will be required, as projects are located throughout the world for the entire duration of the program
Foreign languages are a plus","","",""
"https://www.indeed.com/jobs?q=Data+Scientist&l=New+York%2C+NY&start=20&pp=gQAeAAABhs5hYuUAAAAB-_0KGwA3AQEJCQCWAZnf6zZ-mCWhBqkY-rSFTA8x7D1pZ_R4fqdYEIJKzMXWkoXDxdO1ohL-Hqlnfh_rpQAA","Data Scientist - Role can be remote","https://www.indeed.com/rc/clk?jk=75b8d1a8466acb53&fccid=6f49e88f14c18b75&vjs=3","Mars","https://www.indeed.com/cmp/Mars","We are searching for an experienced Analytics professional to join the data science function; to help deliver the ecosystem analytics roadmap across all divisions; working closely with the division stakeholders in managing and delivering projects; working with global teams to identify and implement efficient delivery of the vision; and, to articulate the strategic opportunities of a pet-centric analytics driven strategy.
The role reports in to the Head of Data Science -North America. The primary responsibilities are:
Apply data science approaches to understand and predict pet and pet owner behaviors
Use machine learning techniques, visualizations, & statistical analysis to gain insight into various data sets – some readily available, and some you create and curate yourself
Collaborate with internal and external teams to ensure we focus on pet-centric product and service recommendations
Develop compelling stories that provide insight into the drivers of business performance and Pet/Pet Owner behavior
A desire to develop data science models from idea initiation through to production.
Ensuring outstanding delivery of pet and pet-owner centric insight, analytics and data science across Petcare divisions
Work closely with team members and stakeholders to achieve this
Apply a pet and pet-owner centric approach to problem solving across divisions ensuring highest standards of insight and data science delivery to create change
Participating in communities of data science talent with a desire to share, network and communicate with other analytical and data experts to advance learning and understanding of pets and pet-owners
Application and documentation of best practice standards in the execution of analytics projects for value creation
Enthusiastically learn new technologies and techniques
Contribute to the upskilling of Petcare by inspiring local teams with insight and story-telling to gain deeper engagement with the Powered By Data strategy
Adherence to consumer and pet privacy frameworks, terms, consents and approaches to ensure we position ourselves to empower consumers, to leverage effectively data for their advantage, to abide by all laws and relevant best practices","","An industry competitive salary and benefits package, including company bonus.",""
"https://www.indeed.com/jobs?q=Data+Scientist&l=New+York%2C+NY&start=20&pp=gQAeAAABhs5hYuUAAAAB-_0KGwA3AQEJCQCWAZnf6zZ-mCWhBqkY-rSFTA8x7D1pZ_R4fqdYEIJKzMXWkoXDxdO1ohL-Hqlnfh_rpQAA","Data Scientist","https://www.indeed.com/company/JONATHAN-Y/jobs/Data-Scientist-845c0db487725376?fccid=00ad0460f718c64e&vjs=3","","","","","",""
"https://www.indeed.com/jobs?q=Data+Scientist&l=New+York%2C+NY&start=20&pp=gQAeAAABhs5hYuUAAAAB-_0KGwA3AQEJCQCWAZnf6zZ-mCWhBqkY-rSFTA8x7D1pZ_R4fqdYEIJKzMXWkoXDxdO1ohL-Hqlnfh_rpQAA","Data Scientist","https://www.indeed.com/rc/clk?jk=6922e442bfa76318&fccid=822bc5d9a49270ea&vjs=3","Walmart","https://www.indeed.com/cmp/Walmart","Partner with C-suite, corporate strategy, finance, marketing, merchandising, research, product, data science and analytics organizations to drive outcomes
Develop and implement quantitative analyses and frameworks, deep dive customer insights, predictive models and customer KPIs to enable performance measurement, decision-making and identify cause-effect relationships between business actions and customer outcomes
Translate data insights into actions and self-serve products; have a strong product mindset and proactively ideate and design relevant data products
Design and execute experiments to achieve business objectives and drive optimization
Develop visuals (charts, infographics) and presentations to clearly and effectively communicate findings and recommendations to stakeholders and leadership
Partner with data and technical engineers to define data and tracking requirements","$128,000 - $170,000 a year","Presentation experience and a proven track record of using insights to influence stakeholders and colleagues","Experience leveraging cloud based big data technologies (Hive/Big Query, Snowflake etc.) and transforming/automating data within cloud architectures to blend data from multiple sources to answer multi-dimensional business questions
Experience researching new techniques and utilizing open-source learning frameworks (e.g. scikit-learn)
Familiarity with causal inference and attribution techniques
Retail/e-commerce domain experience"
"https://www.indeed.com/jobs?q=Data+Scientist&l=New+York%2C+NY&start=20&pp=gQAeAAABhs5hYuUAAAAB-_0KGwA3AQEJCQCWAZnf6zZ-mCWhBqkY-rSFTA8x7D1pZ_R4fqdYEIJKzMXWkoXDxdO1ohL-Hqlnfh_rpQAA","Machine Learning Engineer 2","https://www.indeed.com/rc/clk?jk=f3d5251590b1da6f&fccid=978d9fd9799d55a8&vjs=3","PayPal","https://www.indeed.com/cmp/Paypal","","$60,900 - $147,400 a year","",""
"https://www.indeed.com/jobs?q=Data+Scientist&l=New+York%2C+NY&start=30&pp=gQAtAAABhs5hYuUAAAAB-_0KGwBKAQEBCA-Eb9lTq_An99FNOkFF_AjNreKGN4dIQpcYm1khv_7rJZhNF_UlwmSPym0Imm6QTETolz4VDYEpq29Ri_vPCCPYRwLXIdoAAA&vjk=4d623edff2a5b460","Machine Learning Engineer 2","https://www.indeed.com/rc/clk?jk=f3d5251590b1da6f&fccid=978d9fd9799d55a8&vjs=3","PayPal","https://www.indeed.com/cmp/Paypal","","","",""
"https://www.indeed.com/jobs?q=Data+Scientist&l=New+York%2C+NY&start=30&pp=gQAtAAABhs5hYuUAAAAB-_0KGwBKAQEBCA-Eb9lTq_An99FNOkFF_AjNreKGN4dIQpcYm1khv_7rJZhNF_UlwmSPym0Imm6QTETolz4VDYEpq29Ri_vPCCPYRwLXIdoAAA&vjk=4d623edff2a5b460","Associate Educator, Data Scientist","https://www.indeed.com/rc/clk?jk=750dbf040bc86087&fccid=163ccc336a959b8b&vjs=3","","","","","",""
"https://www.indeed.com/jobs?q=Data+Scientist&l=New+York%2C+NY&start=30&pp=gQAtAAABhs5hYuUAAAAB-_0KGwBKAQEBCA-Eb9lTq_An99FNOkFF_AjNreKGN4dIQpcYm1khv_7rJZhNF_UlwmSPym0Imm6QTETolz4VDYEpq29Ri_vPCCPYRwLXIdoAAA&vjk=4d623edff2a5b460","Climate Data Scientist","https://www.indeed.com/rc/clk?jk=ad5eff59731c5c4b&fccid=dd616958bd9ddc12&vjs=3","","","","","",""
"https://www.indeed.com/jobs?q=Data+Scientist&l=New+York%2C+NY&start=30&pp=gQAtAAABhs5hYuUAAAAB-_0KGwBKAQEBCA-Eb9lTq_An99FNOkFF_AjNreKGN4dIQpcYm1khv_7rJZhNF_UlwmSPym0Imm6QTETolz4VDYEpq29Ri_vPCCPYRwLXIdoAAA&vjk=4d623edff2a5b460","Class of 2023: Bertelsmann Data Science Rotational Program (US-based)","https://www.indeed.com/rc/clk?jk=a02f980c9506209a&fccid=b7077240c866145c&vjs=3","Bertelsmann, Inc.","https://www.indeed.com/cmp/Bertelsmann","","","",""
"https://www.indeed.com/jobs?q=Data+Scientist&l=New+York%2C+NY&start=30&pp=gQAtAAABhs5hYuUAAAAB-_0KGwBKAQEBCA-Eb9lTq_An99FNOkFF_AjNreKGN4dIQpcYm1khv_7rJZhNF_UlwmSPym0Imm6QTETolz4VDYEpq29Ri_vPCCPYRwLXIdoAAA&vjk=4d623edff2a5b460","Data Scientist, Product Analytics","https://www.indeed.com/rc/clk?jk=eabf40c176156026&fccid=8899ecbdba2d0a5e&vjs=3","Peloton","https://www.indeed.com/cmp/Peloton","","","",""
"https://www.indeed.com/jobs?q=Data+Scientist&l=New+York%2C+NY&start=30&pp=gQAtAAABhs5hYuUAAAAB-_0KGwBKAQEBCA-Eb9lTq_An99FNOkFF_AjNreKGN4dIQpcYm1khv_7rJZhNF_UlwmSPym0Imm6QTETolz4VDYEpq29Ri_vPCCPYRwLXIdoAAA&vjk=4d623edff2a5b460","Quantitative Analytics & Data Science Specialist","https://www.indeed.com/rc/clk?jk=ceaa83946a77e4d5&fccid=1c76c3a36f6c7557&vjs=3","UBS","https://www.indeed.com/cmp/UBS","","","",""
"https://www.indeed.com/jobs?q=Data+Scientist&l=New+York%2C+NY&start=30&pp=gQAtAAABhs5hYuUAAAAB-_0KGwBKAQEBCA-Eb9lTq_An99FNOkFF_AjNreKGN4dIQpcYm1khv_7rJZhNF_UlwmSPym0Imm6QTETolz4VDYEpq29Ri_vPCCPYRwLXIdoAAA&vjk=4d623edff2a5b460","Junior Researcher, Data Science","https://www.indeed.com/rc/clk?jk=5c0327202e88dc5e&fccid=44b8ed526a397a28&vjs=3","","","","","",""
"https://www.indeed.com/jobs?q=Data+Scientist&l=New+York%2C+NY&start=30&pp=gQAtAAABhs5hYuUAAAAB-_0KGwBKAQEBCA-Eb9lTq_An99FNOkFF_AjNreKGN4dIQpcYm1khv_7rJZhNF_UlwmSPym0Imm6QTETolz4VDYEpq29Ri_vPCCPYRwLXIdoAAA&vjk=4d623edff2a5b460","Data Scientist","https://www.indeed.com/rc/clk?jk=43efec63b97b9e14&fccid=1b70093c8dbeda5a&vjs=3","McKinney","https://www.indeed.com/cmp/Mckinney","","","",""
"https://www.indeed.com/jobs?q=Data+Scientist&l=New+York%2C+NY&start=30&pp=gQAtAAABhs5hYuUAAAAB-_0KGwBKAQEBCA-Eb9lTq_An99FNOkFF_AjNreKGN4dIQpcYm1khv_7rJZhNF_UlwmSPym0Imm6QTETolz4VDYEpq29Ri_vPCCPYRwLXIdoAAA&vjk=4d623edff2a5b460","Data Scientist Engineer","https://www.indeed.com/company/Ztp/jobs/Data-Scientist-Engineer-b554555107f38604?fccid=1657b165b360b32e&vjs=3","","","8 hour shift
Monday to Friday","$90,000 - $100,000 a year","New York, NY 10001: Reliably commute or planning to relocate before starting work (Required)","do you have coding skills with data science tools?
you are proficient in programming and visualization in python?
Are you familiar with the french language?"
"https://www.indeed.com/jobs?q=Data+Scientist&l=New+York%2C+NY&start=30&pp=gQAtAAABhs5hYuUAAAAB-_0KGwBKAQEBCA-Eb9lTq_An99FNOkFF_AjNreKGN4dIQpcYm1khv_7rJZhNF_UlwmSPym0Imm6QTETolz4VDYEpq29Ri_vPCCPYRwLXIdoAAA&vjk=4d623edff2a5b460","Data Scientist","https://www.indeed.com/rc/clk?jk=6fd88dda36cff906&fccid=dd616958bd9ddc12&vjs=3","","","","","",""
"https://www.indeed.com/jobs?q=Data+Scientist&l=New+York%2C+NY&start=30&pp=gQAtAAABhs5hYuUAAAAB-_0KGwBKAQEBCA-Eb9lTq_An99FNOkFF_AjNreKGN4dIQpcYm1khv_7rJZhNF_UlwmSPym0Imm6QTETolz4VDYEpq29Ri_vPCCPYRwLXIdoAAA&vjk=4d623edff2a5b460","Data Science Analyst","https://www.indeed.com/rc/clk?jk=fb518006d510e764&fccid=3a58a6877f80f179&vjs=3","Omnicom Health Group","https://www.indeed.com/cmp/Omnicom-Health-Group","BA/BS in econometrics, statistics, mathematics, computer science or other technical field
Strong foundation in predictive analytics, machine learning, data mining, pattern recognition, information retrieval, causal inference, experimental design and analysis
Experience analyzing and conducting statistical modeling and machine learning over disparate datasets
Fluent in marketing metrics and media data
Highly skilled/certified with Google Analytics, Adobe Analytics, Doubleclick
Expertise using analysis packages and tools such as R, Python, STATA or SAS
Experience writing SQL queries
Strong ability to communicate complex statistical/technical concepts to a variety of non-technical audiences
Proficiency with data visualization tools such as Tableau or similar
Ability to work successfully in a fast-paced, ever-changing environment.
Total data analytics work experience 2+ years, with at least one year’s experience working for an agency
Healthcare, or Life Science, industry expertise beneficial","","$58,500 - $86,000",""
"https://www.indeed.com/jobs?q=Data+Scientist&l=New+York%2C+NY&start=30&pp=gQAtAAABhs5hYuUAAAAB-_0KGwBKAQEBCA-Eb9lTq_An99FNOkFF_AjNreKGN4dIQpcYm1khv_7rJZhNF_UlwmSPym0Imm6QTETolz4VDYEpq29Ri_vPCCPYRwLXIdoAAA&vjk=4d623edff2a5b460","Planner Climate Data Science","https://www.indeed.com/rc/clk?jk=75328ee278c7b732&fccid=0cc7e6bf8ac0b24f&vjs=3","Metropolitan Transportation Authority","https://www.indeed.com/cmp/Metropolitan-Transportation-Authority-7","","","",""
"https://www.indeed.com/jobs?q=Data+Scientist&l=New+York%2C+NY&start=30&pp=gQAtAAABhs5hYuUAAAAB-_0KGwBKAQEBCA-Eb9lTq_An99FNOkFF_AjNreKGN4dIQpcYm1khv_7rJZhNF_UlwmSPym0Imm6QTETolz4VDYEpq29Ri_vPCCPYRwLXIdoAAA&vjk=4d623edff2a5b460","Quantitative Researcher","https://www.indeed.com/rc/clk?jk=b3d6b59a8736be25&fccid=db0af0ad6162783b&vjs=3","","","Graduate degree in Applied Math, Statistics/ML, Physics, Computer Science, or similar
Proficiency in advanced data research & modeling using Python and/or R
Comfort in C++ with experience interacting with large-scale production applications
Extensive knowledge and expertise designing statistical inference models and predictive analytics
Extensive knowledge and experience with high-volume high-dimensional data modeling","$150,000 - $250,000 a year","Experience originating alpha/strategy development in an unprecedented environment or scale",""
"https://www.indeed.com/jobs?q=Data+Scientist&l=New+York%2C+NY&start=30&pp=gQAtAAABhs5hYuUAAAAB-_0KGwBKAQEBCA-Eb9lTq_An99FNOkFF_AjNreKGN4dIQpcYm1khv_7rJZhNF_UlwmSPym0Imm6QTETolz4VDYEpq29Ri_vPCCPYRwLXIdoAAA&vjk=4d623edff2a5b460","Statistician","https://www.indeed.com/rc/clk?jk=170fc25cffd33e85&fccid=f9fe675c31a6b8de&vjs=3","Precision Consulting","https://www.indeed.com/cmp/Precision-Consulting","","","",""
"https://www.indeed.com/jobs?q=Data+Scientist&l=New+York%2C+NY&start=30&pp=gQAtAAABhs5hYuUAAAAB-_0KGwBKAQEBCA-Eb9lTq_An99FNOkFF_AjNreKGN4dIQpcYm1khv_7rJZhNF_UlwmSPym0Imm6QTETolz4VDYEpq29Ri_vPCCPYRwLXIdoAAA&vjk=4d623edff2a5b460","Data Scientist","https://www.indeed.com/rc/clk?jk=6922e442bfa76318&fccid=822bc5d9a49270ea&vjs=3","Walmart","https://www.indeed.com/cmp/Walmart","","","",""
"https://www.indeed.com/jobs?q=Data+Scientist&l=New+York%2C+NY&start=40&pp=gQA8AAABhs5hYuUAAAAB-_0KGwBZAQIBDk4GEfr2HgChT5EN0pqwhHmD4G0eqkrAmc0Tf1SGY_nphfOaAgQDOtvgPtcfg_q8b2DtxfZ3f7rJNbL9uDmrv1Ls9TQ-ficd3oQdTkngoiyfflJ7VSQAAA&vjk=43efec63b97b9e14","Planner Climate Data Science","https://www.indeed.com/rc/clk?jk=75328ee278c7b732&fccid=0cc7e6bf8ac0b24f&vjs=3","Metropolitan Transportation Authority","https://www.indeed.com/cmp/Metropolitan-Transportation-Authority-7","","","",""
"https://www.indeed.com/jobs?q=Data+Scientist&l=New+York%2C+NY&start=40&pp=gQA8AAABhs5hYuUAAAAB-_0KGwBZAQIBDk4GEfr2HgChT5EN0pqwhHmD4G0eqkrAmc0Tf1SGY_nphfOaAgQDOtvgPtcfg_q8b2DtxfZ3f7rJNbL9uDmrv1Ls9TQ-ficd3oQdTkngoiyfflJ7VSQAAA&vjk=43efec63b97b9e14","Class of 2023: Bertelsmann Data Science Rotational Program (US-based)","https://www.indeed.com/rc/clk?jk=a02f980c9506209a&fccid=b7077240c866145c&vjs=3","Bertelsmann, Inc.","https://www.indeed.com/cmp/Bertelsmann","","","",""
"https://www.indeed.com/jobs?q=Data+Scientist&l=New+York%2C+NY&start=40&pp=gQA8AAABhs5hYuUAAAAB-_0KGwBZAQIBDk4GEfr2HgChT5EN0pqwhHmD4G0eqkrAmc0Tf1SGY_nphfOaAgQDOtvgPtcfg_q8b2DtxfZ3f7rJNbL9uDmrv1Ls9TQ-ficd3oQdTkngoiyfflJ7VSQAAA&vjk=43efec63b97b9e14","Data Scientist, Product Analytics","https://www.indeed.com/rc/clk?jk=eabf40c176156026&fccid=8899ecbdba2d0a5e&vjs=3","Peloton","https://www.indeed.com/cmp/Peloton","","","",""
"https://www.indeed.com/jobs?q=Data+Scientist&l=New+York%2C+NY&start=40&pp=gQA8AAABhs5hYuUAAAAB-_0KGwBZAQIBDk4GEfr2HgChT5EN0pqwhHmD4G0eqkrAmc0Tf1SGY_nphfOaAgQDOtvgPtcfg_q8b2DtxfZ3f7rJNbL9uDmrv1Ls9TQ-ficd3oQdTkngoiyfflJ7VSQAAA&vjk=43efec63b97b9e14","Junior Researcher, Data Science","https://www.indeed.com/rc/clk?jk=5c0327202e88dc5e&fccid=44b8ed526a397a28&vjs=3","","","","","",""
"https://www.indeed.com/jobs?q=Data+Scientist&l=New+York%2C+NY&start=40&pp=gQA8AAABhs5hYuUAAAAB-_0KGwBZAQIBDk4GEfr2HgChT5EN0pqwhHmD4G0eqkrAmc0Tf1SGY_nphfOaAgQDOtvgPtcfg_q8b2DtxfZ3f7rJNbL9uDmrv1Ls9TQ-ficd3oQdTkngoiyfflJ7VSQAAA&vjk=43efec63b97b9e14","Data Scientist","https://www.indeed.com/rc/clk?jk=43efec63b97b9e14&fccid=1b70093c8dbeda5a&vjs=3","McKinney","https://www.indeed.com/cmp/Mckinney","","","",""
"https://www.indeed.com/jobs?q=Data+Scientist&l=New+York%2C+NY&start=40&pp=gQA8AAABhs5hYuUAAAAB-_0KGwBZAQIBDk4GEfr2HgChT5EN0pqwhHmD4G0eqkrAmc0Tf1SGY_nphfOaAgQDOtvgPtcfg_q8b2DtxfZ3f7rJNbL9uDmrv1Ls9TQ-ficd3oQdTkngoiyfflJ7VSQAAA&vjk=43efec63b97b9e14","Statistician","https://www.indeed.com/rc/clk?jk=170fc25cffd33e85&fccid=f9fe675c31a6b8de&vjs=3","Precision Consulting","https://www.indeed.com/cmp/Precision-Consulting","","","",""
"https://www.indeed.com/jobs?q=Data+Scientist&l=New+York%2C+NY&start=40&pp=gQA8AAABhs5hYuUAAAAB-_0KGwBZAQIBDk4GEfr2HgChT5EN0pqwhHmD4G0eqkrAmc0Tf1SGY_nphfOaAgQDOtvgPtcfg_q8b2DtxfZ3f7rJNbL9uDmrv1Ls9TQ-ficd3oQdTkngoiyfflJ7VSQAAA&vjk=43efec63b97b9e14","Data Scientist","https://www.indeed.com/rc/clk?jk=6fd88dda36cff906&fccid=dd616958bd9ddc12&vjs=3","","","","","",""
"https://www.indeed.com/jobs?q=Data+Scientist&l=New+York%2C+NY&start=40&pp=gQA8AAABhs5hYuUAAAAB-_0KGwBZAQIBDk4GEfr2HgChT5EN0pqwhHmD4G0eqkrAmc0Tf1SGY_nphfOaAgQDOtvgPtcfg_q8b2DtxfZ3f7rJNbL9uDmrv1Ls9TQ-ficd3oQdTkngoiyfflJ7VSQAAA&vjk=43efec63b97b9e14","Data Scientist Engineer","https://www.indeed.com/company/Ztp/jobs/Data-Scientist-Engineer-b554555107f38604?fccid=1657b165b360b32e&vjs=3","","","","","",""
"https://www.indeed.com/jobs?q=Data+Scientist&l=New+York%2C+NY&start=40&pp=gQA8AAABhs5hYuUAAAAB-_0KGwBZAQIBDk4GEfr2HgChT5EN0pqwhHmD4G0eqkrAmc0Tf1SGY_nphfOaAgQDOtvgPtcfg_q8b2DtxfZ3f7rJNbL9uDmrv1Ls9TQ-ficd3oQdTkngoiyfflJ7VSQAAA&vjk=43efec63b97b9e14","Data Science Analyst I - Genetics (Pandey Lab)","https://www.indeed.com/rc/clk?jk=ac3313cc11f5b5a7&fccid=c007936ceb766fe5&vjs=3","Mount Sinai","https://www.indeed.com/cmp/Mount-Sinai-Health-System","Using a lens of equity in all aspects of patient care delivery, education, and research to promote policies and practices to allow opportunities for all to thrive and reach their potential
Serving as a role model confronting racist, sexist, or other inappropriate actions by speaking up, challenging exclusionary organizational practices, and standing side-by-side in support of colleagues who experience discrimination
Inspiring and fostering an environment of anti-racist behaviors among and between departments and co-workers","","",""
"https://www.indeed.com/jobs?q=Data+Scientist&l=New+York%2C+NY&start=40&pp=gQA8AAABhs5hYuUAAAAB-_0KGwBZAQIBDk4GEfr2HgChT5EN0pqwhHmD4G0eqkrAmc0Tf1SGY_nphfOaAgQDOtvgPtcfg_q8b2DtxfZ3f7rJNbL9uDmrv1Ls9TQ-ficd3oQdTkngoiyfflJ7VSQAAA&vjk=43efec63b97b9e14","Data Science Analyst","https://www.indeed.com/rc/clk?jk=fb518006d510e764&fccid=3a58a6877f80f179&vjs=3","Omnicom Health Group","https://www.indeed.com/cmp/Omnicom-Health-Group","","","",""
"https://www.indeed.com/jobs?q=Data+Scientist&l=New+York%2C+NY&start=40&pp=gQA8AAABhs5hYuUAAAAB-_0KGwBZAQIBDk4GEfr2HgChT5EN0pqwhHmD4G0eqkrAmc0Tf1SGY_nphfOaAgQDOtvgPtcfg_q8b2DtxfZ3f7rJNbL9uDmrv1Ls9TQ-ficd3oQdTkngoiyfflJ7VSQAAA&vjk=43efec63b97b9e14","Data Scientist","https://www.indeed.com/rc/clk?jk=de0885f57b2e2f59&fccid=570de3d15b9bbb97&vjs=3","","","","","",""
"https://www.indeed.com/jobs?q=Data+Scientist&l=New+York%2C+NY&start=40&pp=gQA8AAABhs5hYuUAAAAB-_0KGwBZAQIBDk4GEfr2HgChT5EN0pqwhHmD4G0eqkrAmc0Tf1SGY_nphfOaAgQDOtvgPtcfg_q8b2DtxfZ3f7rJNbL9uDmrv1Ls9TQ-ficd3oQdTkngoiyfflJ7VSQAAA&vjk=43efec63b97b9e14","Data Scientist I - Hybrid","https://www.indeed.com/rc/clk?jk=73fdeca370d155af&fccid=49bacaf9ea5daa22&vjs=3","Radian","https://www.indeed.com/cmp/Radian-Group-Inc.","Expert understanding of mortgage delinquency, default, prepayment, and loss given default modeling. Expert mathematical, statistical, and econometric understanding.
Strong analytical background, along with the ability and willingness to effectively make recommendations on transactions based on sound business judgment.
Expert in SAS, R, C++ or python for data analysis and modeling.
Experience leveraging AWS based applications and resources (EC2, EMR, S3, Lambda, Jupyter Notebook, Zeppelin, Spark) is desirable.
Strong understanding of financial analysis of structured mortgage products.","$77,500 - $124,200 a year","Ability to communicate effectively and present results.","Degree Requirement: Bachelor's Degree or Equivalent Experience
Degree Preferred: Bachelor's Degree or Equivalent Experience
Certifications: Finance, Economics, Mathematics and/or Statistics
Work Experience: 2 or more years of prior work-related experience"
"https://www.indeed.com/jobs?q=Data+Scientist&l=New+York%2C+NY&start=40&pp=gQA8AAABhs5hYuUAAAAB-_0KGwBZAQIBDk4GEfr2HgChT5EN0pqwhHmD4G0eqkrAmc0Tf1SGY_nphfOaAgQDOtvgPtcfg_q8b2DtxfZ3f7rJNbL9uDmrv1Ls9TQ-ficd3oQdTkngoiyfflJ7VSQAAA&vjk=43efec63b97b9e14","Machine Learning Expert New York, NY","https://www.indeed.com/rc/clk?jk=ff020e82513418b9&fccid=8dfccb68c341d46b&vjs=3","Jean Martin","https://www.indeed.com/cmp/Jean-Martin","","","",""
"https://www.indeed.com/jobs?q=Data+Scientist&l=New+York%2C+NY&start=40&pp=gQA8AAABhs5hYuUAAAAB-_0KGwBZAQIBDk4GEfr2HgChT5EN0pqwhHmD4G0eqkrAmc0Tf1SGY_nphfOaAgQDOtvgPtcfg_q8b2DtxfZ3f7rJNbL9uDmrv1Ls9TQ-ficd3oQdTkngoiyfflJ7VSQAAA&vjk=43efec63b97b9e14","Customer-Facing Machine Learning Engineer (NYC, Remote)","https://www.indeed.com/rc/clk?jk=ac57c7746ac33794&fccid=5920530d0b33f899&vjs=3","Tecton","https://www.indeed.com/cmp/Tecton","Excellent SQL skills and Production ML experience
Solid hands-on knowledge of Spark and Python
At least basic knowledge of: AWS, SDLC (CI/CD, Git, Shell/bash scripting)
Ability to manage competing priorities in a fast-paced environment
Strong desire to help customers achieve their desired goals with Tecton
Excellent communication skills
Preferred: Experience working in a rapidly growing, early stage company
Preferred: Prior consulting experience","","",""
"https://www.indeed.com/jobs?q=Data+Scientist&l=New+York%2C+NY&start=40&pp=gQA8AAABhs5hYuUAAAAB-_0KGwBZAQIBDk4GEfr2HgChT5EN0pqwhHmD4G0eqkrAmc0Tf1SGY_nphfOaAgQDOtvgPtcfg_q8b2DtxfZ3f7rJNbL9uDmrv1Ls9TQ-ficd3oQdTkngoiyfflJ7VSQAAA&vjk=43efec63b97b9e14","Data Science Analyst/Engineer","https://www.indeed.com/rc/clk?jk=13e2bb614a8b2e00&fccid=848e72c84ce4a7a7&vjs=3","NYU Langone","https://www.indeed.com/cmp/Nyu-Langone-Health","","$73,771 - $120,000 a year","",""
"https://www.indeed.com/jobs?q=Data+Scientist&l=New+York%2C+NY&start=50&pp=gQBLAAABhs5hYuUAAAAB-_0KGwBmAQMBDjAGHgYJKpatnniFg7oBWyN3b_cfnHtjS9SRs5zN4vOlBD1dW8ylhR_L5YsmVJu0c_PISP-bP9xexaaZzFfrPRI8qbYLE2VVhVIfw2JxQTCwbounwWyc4YzFJSE_wQWa7IisAAA&vjk=a02f980c9506209a","Associate Educator, Data Scientist","https://www.indeed.com/rc/clk?jk=750dbf040bc86087&fccid=163ccc336a959b8b&vjs=3","","","","","",""
"https://www.indeed.com/jobs?q=Data+Scientist&l=New+York%2C+NY&start=50&pp=gQBLAAABhs5hYuUAAAAB-_0KGwBmAQMBDjAGHgYJKpatnniFg7oBWyN3b_cfnHtjS9SRs5zN4vOlBD1dW8ylhR_L5YsmVJu0c_PISP-bP9xexaaZzFfrPRI8qbYLE2VVhVIfw2JxQTCwbounwWyc4YzFJSE_wQWa7IisAAA&vjk=a02f980c9506209a","Machine Learning Expert New York, NY","https://www.indeed.com/rc/clk?jk=ff020e82513418b9&fccid=8dfccb68c341d46b&vjs=3","Jean Martin","https://www.indeed.com/cmp/Jean-Martin","","","",""
"https://www.indeed.com/jobs?q=Data+Scientist&l=New+York%2C+NY&start=50&pp=gQBLAAABhs5hYuUAAAAB-_0KGwBmAQMBDjAGHgYJKpatnniFg7oBWyN3b_cfnHtjS9SRs5zN4vOlBD1dW8ylhR_L5YsmVJu0c_PISP-bP9xexaaZzFfrPRI8qbYLE2VVhVIfw2JxQTCwbounwWyc4YzFJSE_wQWa7IisAAA&vjk=a02f980c9506209a","Junior Researcher, Data Science","https://www.indeed.com/rc/clk?jk=5c0327202e88dc5e&fccid=44b8ed526a397a28&vjs=3","","","","","",""
"https://www.indeed.com/jobs?q=Data+Scientist&l=New+York%2C+NY&start=50&pp=gQBLAAABhs5hYuUAAAAB-_0KGwBmAQMBDjAGHgYJKpatnniFg7oBWyN3b_cfnHtjS9SRs5zN4vOlBD1dW8ylhR_L5YsmVJu0c_PISP-bP9xexaaZzFfrPRI8qbYLE2VVhVIfw2JxQTCwbounwWyc4YzFJSE_wQWa7IisAAA&vjk=a02f980c9506209a","Class of 2023: Bertelsmann Data Science Rotational Program (US-based)","https://www.indeed.com/rc/clk?jk=a02f980c9506209a&fccid=b7077240c866145c&vjs=3","Bertelsmann, Inc.","https://www.indeed.com/cmp/Bertelsmann","","","",""
"https://www.indeed.com/jobs?q=Data+Scientist&l=New+York%2C+NY&start=50&pp=gQBLAAABhs5hYuUAAAAB-_0KGwBmAQMBDjAGHgYJKpatnniFg7oBWyN3b_cfnHtjS9SRs5zN4vOlBD1dW8ylhR_L5YsmVJu0c_PISP-bP9xexaaZzFfrPRI8qbYLE2VVhVIfw2JxQTCwbounwWyc4YzFJSE_wQWa7IisAAA&vjk=a02f980c9506209a","Customer-Facing Machine Learning Engineer (NYC, Remote)","https://www.indeed.com/rc/clk?jk=ac57c7746ac33794&fccid=5920530d0b33f899&vjs=3","Tecton","https://www.indeed.com/cmp/Tecton","","","",""
"https://www.indeed.com/jobs?q=Data+Scientist&l=New+York%2C+NY&start=50&pp=gQBLAAABhs5hYuUAAAAB-_0KGwBmAQMBDjAGHgYJKpatnniFg7oBWyN3b_cfnHtjS9SRs5zN4vOlBD1dW8ylhR_L5YsmVJu0c_PISP-bP9xexaaZzFfrPRI8qbYLE2VVhVIfw2JxQTCwbounwWyc4YzFJSE_wQWa7IisAAA&vjk=a02f980c9506209a","Data Scientist I - Hybrid","https://www.indeed.com/rc/clk?jk=73fdeca370d155af&fccid=49bacaf9ea5daa22&vjs=3","Radian","https://www.indeed.com/cmp/Radian-Group-Inc.","","","",""
"https://www.indeed.com/jobs?q=Data+Scientist&l=New+York%2C+NY&start=50&pp=gQBLAAABhs5hYuUAAAAB-_0KGwBmAQMBDjAGHgYJKpatnniFg7oBWyN3b_cfnHtjS9SRs5zN4vOlBD1dW8ylhR_L5YsmVJu0c_PISP-bP9xexaaZzFfrPRI8qbYLE2VVhVIfw2JxQTCwbounwWyc4YzFJSE_wQWa7IisAAA&vjk=a02f980c9506209a","Statistician","https://www.indeed.com/rc/clk?jk=170fc25cffd33e85&fccid=f9fe675c31a6b8de&vjs=3","Precision Consulting","https://www.indeed.com/cmp/Precision-Consulting","","","",""
"https://www.indeed.com/jobs?q=Data+Scientist&l=New+York%2C+NY&start=50&pp=gQBLAAABhs5hYuUAAAAB-_0KGwBmAQMBDjAGHgYJKpatnniFg7oBWyN3b_cfnHtjS9SRs5zN4vOlBD1dW8ylhR_L5YsmVJu0c_PISP-bP9xexaaZzFfrPRI8qbYLE2VVhVIfw2JxQTCwbounwWyc4YzFJSE_wQWa7IisAAA&vjk=a02f980c9506209a","Data Science Analyst","https://www.indeed.com/rc/clk?jk=d438a02dad52d94d&fccid=0cc7e6bf8ac0b24f&vjs=3","Metropolitan Transportation Authority","https://www.indeed.com/cmp/Metropolitan-Transportation-Authority-7","","","",""
"https://www.indeed.com/jobs?q=Data+Scientist&l=New+York%2C+NY&start=50&pp=gQBLAAABhs5hYuUAAAAB-_0KGwBmAQMBDjAGHgYJKpatnniFg7oBWyN3b_cfnHtjS9SRs5zN4vOlBD1dW8ylhR_L5YsmVJu0c_PISP-bP9xexaaZzFfrPRI8qbYLE2VVhVIfw2JxQTCwbounwWyc4YzFJSE_wQWa7IisAAA&vjk=a02f980c9506209a","Data Scientist (B2B/Enterprise)","https://www.indeed.com/rc/clk?jk=3be3fe92789257be&fccid=17fec53475d56351&vjs=3","Talkspace","https://www.indeed.com/cmp/Talkspace","Support business objectives through statistical modeling through the prediction of main KPIs such as churn and retention
Design, implement and maintain machine learning models to automate and optimize marketing, operations, and customer experience
A/B testing and causal modeling","","Full-stack data science analysis and present insights to both the data science team and internal company stakeholders.","Master's degree in computer science, mathematics, data science, management science and engineering or a closely related field
One year as Data Scientist (Business Intelligence) involving data extraction, analysis, and statistical modeling"
"https://www.indeed.com/jobs?q=Data+Scientist&l=New+York%2C+NY&start=50&pp=gQBLAAABhs5hYuUAAAAB-_0KGwBmAQMBDjAGHgYJKpatnniFg7oBWyN3b_cfnHtjS9SRs5zN4vOlBD1dW8ylhR_L5YsmVJu0c_PISP-bP9xexaaZzFfrPRI8qbYLE2VVhVIfw2JxQTCwbounwWyc4YzFJSE_wQWa7IisAAA&vjk=a02f980c9506209a","Data Engineer - Live Shop Ventures","https://www.indeed.com/rc/clk?jk=31945b3b4d3e1d6b&fccid=8a4535c948d32e2a&vjs=3","QVC","https://www.indeed.com/cmp/Qvc","Bachelor's degree in Computer Science or relevant field or equivalent business experience required
4+ years of experience in software development and design experience with emphasis on Data warehousing concepts, database design patterns, ETL methodologies, Processing and
3+ years hands-on experience developing data engineering processes and SQL
2+ years hands-on experience using Cloud tools (e.g., Azure Databricks, Azure Delta lake, Azure Data Factory, SQL Server, Azure Synapse, Azure DevOps, Data Lake (ADLS), PySpark, Databricks Notebooks)
Transform massive quantities of Data, Data cleansing, Data wrangling, and Data quality
Understanding of technical architecture, application landscape, test and deployment automation and IT environment, and tools used in development, deployment, and testing
Experience with data warehouse design techniques including slow changing dimensions, aggregation, partitioning and indexing strategies, AI for personalization models to help with personalized content
Troubleshoot and debug application issues and address them with limited support, and always look for better ways of solving technical problems and designing the solution
Experience with Agile methodology (Scrum) and source code management tools
Experience in performance tuning and troubleshooting complex distributed systems and running and maintaining services in 24×7 production environment, CI/CD pipeline activities using toolsets such as Azure DevOps and Azure Git Repo
Experience aligning teams on complex technical decisions
Mentor mindset, with the goal of growing the team's potential
Experience managing expectations about delivery methods and timelines, and align and integrate with architects, designers, and other team members
Identify and escalate issues
Belief in a culture of trust and complete transparency
Comfortable with making architecture decisions at a team and product level
Ecommerce industry and media / entertainment industry experience
Understanding of the impacts of regulations, laws and company policies, standards and procedures to their role","$105,000 - $120,000 a year","",""
"https://www.indeed.com/jobs?q=Data+Scientist&l=New+York%2C+NY&start=50&pp=gQBLAAABhs5hYuUAAAAB-_0KGwBmAQMBDjAGHgYJKpatnniFg7oBWyN3b_cfnHtjS9SRs5zN4vOlBD1dW8ylhR_L5YsmVJu0c_PISP-bP9xexaaZzFfrPRI8qbYLE2VVhVIfw2JxQTCwbounwWyc4YzFJSE_wQWa7IisAAA&vjk=a02f980c9506209a","Analyst, Data Science","https://www.indeed.com/rc/clk?jk=a6aa62f4391081b8&fccid=9c0486b2887ec7f7&vjs=3","","","Identify and articulate what strategy works/doesn’t work: explain why and offer recommendations
Campaign/platform/domain-level performance diagnostics
Budget pacing analysis
Audience-level profiling and performance diagnostics
Process Automation","","Work with data scientist in providing data for modeling needs","Develop and execute campaign test & learn plans
Articulate and report on results"
"https://www.indeed.com/jobs?q=Data+Scientist&l=New+York%2C+NY&start=50&pp=gQBLAAABhs5hYuUAAAAB-_0KGwBmAQMBDjAGHgYJKpatnniFg7oBWyN3b_cfnHtjS9SRs5zN4vOlBD1dW8ylhR_L5YsmVJu0c_PISP-bP9xexaaZzFfrPRI8qbYLE2VVhVIfw2JxQTCwbounwWyc4YzFJSE_wQWa7IisAAA&vjk=a02f980c9506209a","Data Science Analyst/Engineer","https://www.indeed.com/rc/clk?jk=13e2bb614a8b2e00&fccid=848e72c84ce4a7a7&vjs=3","NYU Langone","https://www.indeed.com/cmp/Nyu-Langone-Health","","","",""
"https://www.indeed.com/jobs?q=Data+Scientist&l=New+York%2C+NY&start=50&pp=gQBLAAABhs5hYuUAAAAB-_0KGwBmAQMBDjAGHgYJKpatnniFg7oBWyN3b_cfnHtjS9SRs5zN4vOlBD1dW8ylhR_L5YsmVJu0c_PISP-bP9xexaaZzFfrPRI8qbYLE2VVhVIfw2JxQTCwbounwWyc4YzFJSE_wQWa7IisAAA&vjk=a02f980c9506209a","Quantitative Researcher","https://www.indeed.com/rc/clk?jk=5e511db9b7ba0d32&fccid=9f69c86470add45a&vjs=3","","","Advanced degree in Computer Science, Engineering, Applied Mathematics, or related STEM field. Bachelors from a top university with relevant years of experience also considered.
Strong programming background with proficiency in Python, Pandas, Numpy and related scientific computing technologies
Competent with version control, release cycles, and unit testing
Strong communication skills","","Strong data experience including fitting models with financial data",""
"https://www.indeed.com/jobs?q=Data+Scientist&l=New+York%2C+NY&start=50&pp=gQBLAAABhs5hYuUAAAAB-_0KGwBmAQMBDjAGHgYJKpatnniFg7oBWyN3b_cfnHtjS9SRs5zN4vOlBD1dW8ylhR_L5YsmVJu0c_PISP-bP9xexaaZzFfrPRI8qbYLE2VVhVIfw2JxQTCwbounwWyc4YzFJSE_wQWa7IisAAA&vjk=a02f980c9506209a","Statisticians","https://www.indeed.com/rc/clk?jk=f3ae58372a1468b2&fccid=f88a85f7300e8af3&vjs=3","","","Study design and sample size
Statistical contribution to clinical study protocols
Statistical review of electronic Case Report Forms (eCRF)
Statistical Analysis Plans (SAP)
Table, listing, and figure (TLF) shells
Statistical analysis results and reports","","Postgraduate degree or equivalent in statistics, biostatistics, mathematics, medical field, or related education","Knowledge and understanding of advanced statistical concepts and techniques.
Experience with SAS or R programming.
Knowledge of clinical trial methodology.
Understanding of the regulatory drug submission / approval process regionally and globally.
Strong written and verbal communication skills in English.
Excellent organizational skills, time management, and ability to coordinate workload and meet established deadlines.
Excellent communication and interpersonal skills to effectively interface with others."
"https://www.indeed.com/jobs?q=Data+Scientist&l=New+York%2C+NY&start=50&pp=gQBLAAABhs5hYuUAAAAB-_0KGwBmAQMBDjAGHgYJKpatnniFg7oBWyN3b_cfnHtjS9SRs5zN4vOlBD1dW8ylhR_L5YsmVJu0c_PISP-bP9xexaaZzFfrPRI8qbYLE2VVhVIfw2JxQTCwbounwWyc4YzFJSE_wQWa7IisAAA&vjk=a02f980c9506209a","Analyst - SQL, DBT, Metabase, Python","https://www.indeed.com/rc/clk?jk=2e9c6386b758ddd6&fccid=c34504270a486ed1&vjs=3","","","Build and maintain SQL queries to extract data from various data sources and perform data analysis using Pandas.
Create and maintain reports in DBT and Metabase to monitor business metrics and KPIs.
Use DBT to build data models as a part of data governance.
Collaborate with software engineers and Machine Learning engineers to integrate data analytics and business insights into our products.
Identify patterns and trends in data and provide actionable insights to drive business decisions.
Work closely with stakeholders to understand business requirements and provide recommendations to optimize business processes.
Continuously improve data quality and data governance practices.
Use Airflow for ETL.
Set KPIs with individual teams across the business.","$60,000 - $70,000 a year","Experience in Agile methodologies and working in cross-functional teams.","North/South America"
"https://www.indeed.com/jobs?q=Data+Scientist&l=New+York%2C+NY&start=60&pp=gQBaAAABhs5hYuUAAAAB-_0KGwBxAQIBESYLASLSTbFZ56_H2GWAsowv4xQ03woL0Q_TqcVLoWOR4etQ1tC01fMC4f4Yn2EeBj22Wocc54tjnvSoMmpiGjNPiob3Amn-rpxQnd3vxxvKcJ4Um4gMrASIk6n_qQ0ZzYvdFR2Sr1dckuuZ2WwAAA&vjk=b6ba106543540b9b","Machine Learning Expert New York, NY","https://www.indeed.com/rc/clk?jk=ff020e82513418b9&fccid=8dfccb68c341d46b&vjs=3","Jean Martin","https://www.indeed.com/cmp/Jean-Martin","","","",""
"https://www.indeed.com/jobs?q=Data+Scientist&l=New+York%2C+NY&start=60&pp=gQBaAAABhs5hYuUAAAAB-_0KGwBxAQIBESYLASLSTbFZ56_H2GWAsowv4xQ03woL0Q_TqcVLoWOR4etQ1tC01fMC4f4Yn2EeBj22Wocc54tjnvSoMmpiGjNPiob3Amn-rpxQnd3vxxvKcJ4Um4gMrASIk6n_qQ0ZzYvdFR2Sr1dckuuZ2WwAAA&vjk=b6ba106543540b9b","Junior Researcher, Data Science","https://www.indeed.com/rc/clk?jk=5c0327202e88dc5e&fccid=44b8ed526a397a28&vjs=3","","","","","",""
"https://www.indeed.com/jobs?q=Data+Scientist&l=New+York%2C+NY&start=60&pp=gQBaAAABhs5hYuUAAAAB-_0KGwBxAQIBESYLASLSTbFZ56_H2GWAsowv4xQ03woL0Q_TqcVLoWOR4etQ1tC01fMC4f4Yn2EeBj22Wocc54tjnvSoMmpiGjNPiob3Amn-rpxQnd3vxxvKcJ4Um4gMrASIk6n_qQ0ZzYvdFR2Sr1dckuuZ2WwAAA&vjk=b6ba106543540b9b","Customer-Facing Machine Learning Engineer (NYC, Remote)","https://www.indeed.com/rc/clk?jk=ac57c7746ac33794&fccid=5920530d0b33f899&vjs=3","Tecton","https://www.indeed.com/cmp/Tecton","","","",""
"https://www.indeed.com/jobs?q=Data+Scientist&l=New+York%2C+NY&start=60&pp=gQBaAAABhs5hYuUAAAAB-_0KGwBxAQIBESYLASLSTbFZ56_H2GWAsowv4xQ03woL0Q_TqcVLoWOR4etQ1tC01fMC4f4Yn2EeBj22Wocc54tjnvSoMmpiGjNPiob3Amn-rpxQnd3vxxvKcJ4Um4gMrASIk6n_qQ0ZzYvdFR2Sr1dckuuZ2WwAAA&vjk=b6ba106543540b9b","Planner Climate Data Science","https://www.indeed.com/rc/clk?jk=75328ee278c7b732&fccid=0cc7e6bf8ac0b24f&vjs=3","Metropolitan Transportation Authority","https://www.indeed.com/cmp/Metropolitan-Transportation-Authority-7","","","",""
"https://www.indeed.com/jobs?q=Data+Scientist&l=New+York%2C+NY&start=60&pp=gQBaAAABhs5hYuUAAAAB-_0KGwBxAQIBESYLASLSTbFZ56_H2GWAsowv4xQ03woL0Q_TqcVLoWOR4etQ1tC01fMC4f4Yn2EeBj22Wocc54tjnvSoMmpiGjNPiob3Amn-rpxQnd3vxxvKcJ4Um4gMrASIk6n_qQ0ZzYvdFR2Sr1dckuuZ2WwAAA&vjk=b6ba106543540b9b","Statistician","https://www.indeed.com/rc/clk?jk=170fc25cffd33e85&fccid=f9fe675c31a6b8de&vjs=3","Precision Consulting","https://www.indeed.com/cmp/Precision-Consulting","","","",""
"https://www.indeed.com/jobs?q=Data+Scientist&l=New+York%2C+NY&start=60&pp=gQBaAAABhs5hYuUAAAAB-_0KGwBxAQIBESYLASLSTbFZ56_H2GWAsowv4xQ03woL0Q_TqcVLoWOR4etQ1tC01fMC4f4Yn2EeBj22Wocc54tjnvSoMmpiGjNPiob3Amn-rpxQnd3vxxvKcJ4Um4gMrASIk6n_qQ0ZzYvdFR2Sr1dckuuZ2WwAAA&vjk=b6ba106543540b9b","Data Scientist I - Hybrid","https://www.indeed.com/rc/clk?jk=73fdeca370d155af&fccid=49bacaf9ea5daa22&vjs=3","Radian","https://www.indeed.com/cmp/Radian-Group-Inc.","","","",""
"https://www.indeed.com/jobs?q=Data+Scientist&l=New+York%2C+NY&start=60&pp=gQBaAAABhs5hYuUAAAAB-_0KGwBxAQIBESYLASLSTbFZ56_H2GWAsowv4xQ03woL0Q_TqcVLoWOR4etQ1tC01fMC4f4Yn2EeBj22Wocc54tjnvSoMmpiGjNPiob3Amn-rpxQnd3vxxvKcJ4Um4gMrASIk6n_qQ0ZzYvdFR2Sr1dckuuZ2WwAAA&vjk=b6ba106543540b9b","Analyst - SQL, DBT, Metabase, Python","https://www.indeed.com/rc/clk?jk=2e9c6386b758ddd6&fccid=c34504270a486ed1&vjs=3","","","","","",""
"https://www.indeed.com/jobs?q=Data+Scientist&l=New+York%2C+NY&start=60&pp=gQBaAAABhs5hYuUAAAAB-_0KGwBxAQIBESYLASLSTbFZ56_H2GWAsowv4xQ03woL0Q_TqcVLoWOR4etQ1tC01fMC4f4Yn2EeBj22Wocc54tjnvSoMmpiGjNPiob3Amn-rpxQnd3vxxvKcJ4Um4gMrASIk6n_qQ0ZzYvdFR2Sr1dckuuZ2WwAAA&vjk=b6ba106543540b9b","Data Science Analyst","https://www.indeed.com/rc/clk?jk=fb518006d510e764&fccid=3a58a6877f80f179&vjs=3","Omnicom Health Group","https://www.indeed.com/cmp/Omnicom-Health-Group","","","",""
"https://www.indeed.com/jobs?q=Data+Scientist&l=New+York%2C+NY&start=60&pp=gQBaAAABhs5hYuUAAAAB-_0KGwBxAQIBESYLASLSTbFZ56_H2GWAsowv4xQ03woL0Q_TqcVLoWOR4etQ1tC01fMC4f4Yn2EeBj22Wocc54tjnvSoMmpiGjNPiob3Amn-rpxQnd3vxxvKcJ4Um4gMrASIk6n_qQ0ZzYvdFR2Sr1dckuuZ2WwAAA&vjk=b6ba106543540b9b","Statisticians","https://www.indeed.com/rc/clk?jk=f3ae58372a1468b2&fccid=f88a85f7300e8af3&vjs=3","","","","","",""
"https://www.indeed.com/jobs?q=Data+Scientist&l=New+York%2C+NY&start=60&pp=gQBaAAABhs5hYuUAAAAB-_0KGwBxAQIBESYLASLSTbFZ56_H2GWAsowv4xQ03woL0Q_TqcVLoWOR4etQ1tC01fMC4f4Yn2EeBj22Wocc54tjnvSoMmpiGjNPiob3Amn-rpxQnd3vxxvKcJ4Um4gMrASIk6n_qQ0ZzYvdFR2Sr1dckuuZ2WwAAA&vjk=b6ba106543540b9b","Data Engineer - Live Shop Ventures","https://www.indeed.com/rc/clk?jk=31945b3b4d3e1d6b&fccid=8a4535c948d32e2a&vjs=3","QVC","https://www.indeed.com/cmp/Qvc","","","",""
"https://www.indeed.com/jobs?q=Data+Scientist&l=New+York%2C+NY&start=60&pp=gQBaAAABhs5hYuUAAAAB-_0KGwBxAQIBESYLASLSTbFZ56_H2GWAsowv4xQ03woL0Q_TqcVLoWOR4etQ1tC01fMC4f4Yn2EeBj22Wocc54tjnvSoMmpiGjNPiob3Amn-rpxQnd3vxxvKcJ4Um4gMrASIk6n_qQ0ZzYvdFR2Sr1dckuuZ2WwAAA&vjk=b6ba106543540b9b","Analyst, Data Science","https://www.indeed.com/rc/clk?jk=a6aa62f4391081b8&fccid=9c0486b2887ec7f7&vjs=3","","","","","",""
"https://www.indeed.com/jobs?q=Data+Scientist&l=New+York%2C+NY&start=60&pp=gQBaAAABhs5hYuUAAAAB-_0KGwBxAQIBESYLASLSTbFZ56_H2GWAsowv4xQ03woL0Q_TqcVLoWOR4etQ1tC01fMC4f4Yn2EeBj22Wocc54tjnvSoMmpiGjNPiob3Amn-rpxQnd3vxxvKcJ4Um4gMrASIk6n_qQ0ZzYvdFR2Sr1dckuuZ2WwAAA&vjk=b6ba106543540b9b","Data Scientist (B2B/Enterprise)","https://www.indeed.com/rc/clk?jk=3be3fe92789257be&fccid=17fec53475d56351&vjs=3","Talkspace","https://www.indeed.com/cmp/Talkspace","","","",""
"https://www.indeed.com/jobs?q=Data+Scientist&l=New+York%2C+NY&start=60&pp=gQBaAAABhs5hYuUAAAAB-_0KGwBxAQIBESYLASLSTbFZ56_H2GWAsowv4xQ03woL0Q_TqcVLoWOR4etQ1tC01fMC4f4Yn2EeBj22Wocc54tjnvSoMmpiGjNPiob3Amn-rpxQnd3vxxvKcJ4Um4gMrASIk6n_qQ0ZzYvdFR2Sr1dckuuZ2WwAAA&vjk=b6ba106543540b9b","Machine Learning Researcher","https://www.indeed.com/rc/clk?jk=537b744c26029f37&fccid=01409da653ee7fb7&vjs=3","","","Master's or PhD preferably in Machine Learning (Open to Computer Science, Mathematics, Statistics, or related field)
5+ years of experience in a related role demonstrating experience in ML research in a professional setting
Proficient in Python programming","","C++ experience is a plus",""
"https://www.indeed.com/jobs?q=Data+Scientist&l=New+York%2C+NY&start=60&pp=gQBaAAABhs5hYuUAAAAB-_0KGwBxAQIBESYLASLSTbFZ56_H2GWAsowv4xQ03woL0Q_TqcVLoWOR4etQ1tC01fMC4f4Yn2EeBj22Wocc54tjnvSoMmpiGjNPiob3Amn-rpxQnd3vxxvKcJ4Um4gMrASIk6n_qQ0ZzYvdFR2Sr1dckuuZ2WwAAA&vjk=b6ba106543540b9b","Machine Learning Engineer (StarX)","https://www.indeed.com/rc/clk?jk=1a4c9da931fb444a&fccid=c414f3ce8b104e95&vjs=3","","","3+ years of experience in machine learning engineering, with a focus on developing and deploying models
Strong programming skills in Python, R, or Java
Strong understanding of machine learning algorithms and statistical concepts
Experience with machine learning frameworks
Passion for soccer and experience working with soccer-related data
Strong problem-solving skills and ability to think critically and creatively
Strong communication skills and ability to work collaboratively with team members","","Experience with big data technologies","Competitive base salary and total compensation package
Comprehensive Health insurance for employee, partner and dependents
401k company match
Generous Paid parental leave, Paid vacation
Commuting benefits
Training and professional development
Inspiring startup environment."
"https://www.indeed.com/jobs?q=Data+Scientist&l=New+York%2C+NY&start=60&pp=gQBaAAABhs5hYuUAAAAB-_0KGwBxAQIBESYLASLSTbFZ56_H2GWAsowv4xQ03woL0Q_TqcVLoWOR4etQ1tC01fMC4f4Yn2EeBj22Wocc54tjnvSoMmpiGjNPiob3Amn-rpxQnd3vxxvKcJ4Um4gMrASIk6n_qQ0ZzYvdFR2Sr1dckuuZ2WwAAA&vjk=b6ba106543540b9b","Quantitative Research - Sales Analytics Data Scientist - Associate","https://www.indeed.com/rc/clk?jk=b80d2dbc5f362ea1&fccid=aaf3b433897ea465&vjs=3","JPMorgan Chase Bank, N.A.","https://www.indeed.com/cmp/Chase-2","5+ years of professional experience
Strong academic degree (MSc or PhD, or equivalent) in a quantitative field (Mathematics, Physics, Statistics, Economics, Computed Science, etc.)
Demonstrated experience applying statistical and/or machine learning techniques at scale
Strong Python programming, including code architecture. Ability to manipulate and analyze complex, large scale, high-dimensionality data from varying sources
Autonomy, excellent communication skills and a can-do attitude","$135,000 - $200,000 a year","Experience with graph-based machine learning, preferably dynamic and heterogeneous",""